order_id,customer_id,product_id,quantity,order_date
1001,1,101,1,2026-09-01
1002,2,102,2,2026-09-02
1003,1,103,1,2026-09-03
1004,3,104,3,2026-09-04
1005,4,105,2,2026-09-05
1006,5,106,1,2026-09-06
1007,6,107,4,2026-09-07
1008,7,108,1,2026-09-08
1009,8,109,2,2026-09-09
1010,9,110,3,2026-09-10
1011,10,101,1,2026-09-11
1012,11,102,2,2026-09-12
1013,12,103,5,2026-09-13
1014,13,104,1,2026-09-14
1015,14,105,2,2026-09-15
1016,15,106,1,2026-09-16
1017,16,107,3,2026-09-17
1018,17,108,2,2026-09-18
1019,18,109,1,2026-09-19
1020,19,110,4,2026-09-20
1021,20,101,2,2026-09-21
1022,21,102,1,2026-09-22
1023,22,103,3,2026-09-23
1024,23,104,1,2026-09-24
1025,24,105,2,2026-09-25
1026,25,106,1,2026-09-26
1027,26,107,5,2026-09-27
1028,27,108,2,2026-09-28
1029,28,109,1,2026-09-29
1030,29,110,3,2026-09-30
